directory,name,category,majorcategory,data,caption,duration,timer,fps,startframe,endframe,firstdwell,lastdwell
extras/exploring_the_depths,Exploring the Depths,extras,Water,SOS_OE_2k.mp4,,,,,,,,
extras/aquaculture,Aquaculture,extras,Water,Aquaculture_2K.mp4,,,,,,,,
extras/hot-air,Hot Air: Atmosphere and Climate Change,extras,Air,hot-air-2048.mp4,,,,,,,,
extras/dengue,Dengue Fever - 2010,extras,People,4096.jpg,,,,,,,,
extras/globe_schools,Globe Schools,extras,,4096,,,,,,,,
extras/fireworks,Fireworks,extras,Extras,fireworks.mp4,,,,,,,,
extras/fractals/mandelbrot,Fractals: Mandelbrot,extras,Extras,MandelbrotZoom.mp4,,,,,,,,
extras/fractals/morphing,Fractals: Morphing (Archived 5/23/2023),extras,Extras,MorphingFractals.mp4,,,,,,,,
extras/fractals/circular,Fractals: Circular Julia (Archived 5/23/2023),extras,Extras,circularfractals.mp4,,,,,,,,
extras/fractals/random,Fractals: Random (No longer supported by SOS - Retired 4/25/2023),extras,Extras,RandomFractals.mp4,,,,,,,,
extras/geodesy,Space Geodesy: Charting the Size and Shape of the Earth,extras,"Space, People",Space_Geodesy.mp4,,,,,,,,
extras/elnino_aop,The Story of El Nino,extras,Water,elnino_2048.mp4,,,,,,,,
extras/instrumented_earth,Our Instrumented Earth,extras,"Water, Air, Space",SOS-IE_Sphere_2k_WithInts.mp4,,,,,,,,
extras/access-to-cities,Accessibility to Cities,,,4096.png,,,,,,,,
extras/soon_too_hot,SOON It Would Be Too Hot,extras,Air,SOON_VIMEO.mp4,,,,,,,,
extras/earth_evolution/extremophiles,Enceladus (Saturn moon) with extremophiles,extras,,/shared/sos/media/astronomy/enceladus/2048.jpg,,,,,,,,
extras/marine_debris_program/intro,Marine debris: Introduction to Marine Debris in the Global Ocean,extras,Water,4000.mp4,,,,,,,,
extras/vent_SFU,Deep-Sea Vents: Smoke and Fire Underwater,extras,Water,vent_SFU_4096.mp4,,,,,,,,
extras/marine_debris,Marine Debris,extras,Water,MD_FINAL_2k.mp4,,,,,,,,
extras/resilient_community_movie,CREATE Resilience: Building a Resilient Community,extras,People,resilient_community_movie_2048.mp4,,,,,,,,
extras/worlds_water,The World's Water,extras,Water,worlds_water_2k.mp4,,,,,,,,
extras/cop15_greeting,COP15 Intro,extras,"Water, Extras, Air, People",soscop15_2010feb26.mp4,,,,,,,,
extras/imiloa/hula,Hula - from Imiloa,extras,,hula_2000.mp4,,,,,,,,
extras/imiloa/hokulea,Hokulea - from Imiloa,extras,,hokulea_2000.mp4,,,,,,,,
extras/imiloa/mars,Mars - Landscape of Extremes,extras,Space,mars_2048.mp4,,,,,,,,
extras/lro_evolution_moon,Evolution of the Moon,extras,Space,lro_evolution_moon_2048.mp4,,,,,,,,
extras/forecast_amnh,Forecast: Tropical Cyclones,extras,Air,FORECAST_AMNH.mp4,,,,,,,,
extras/frozen,Frozen,extras,Snow and Ice,FROZEN_032409_NORMAL.mp4,,,,,,,,
extras/little_boxes,HOLOSCENES / Little Boxes,extras,"Air, Water",HoloscenesLittleBoxes_2048_stereo.mp4,,,,,,,,
extras/next_step,The Next Step,extras,Space,the_next_step.mp4,,,,,,,,
extras/precip_tour,A Global Tour of Precipitation,extras,"Air, Water, Snow and Ice",NASAGoddard_PrecipTour.mp4,,,,,,,,
extras/waterfalls,Water Falls,extras,"Water, Air",nasa_waterfalls_final.mp4,,,,,,,,
extras/vent_LWS,Deep-Sea Vents: Life Without Sunlight,extras,Water,vent_LWS_4096.mp4,,,,,,,,
extras/aop_sea_level_rise,Rising Sea,extras,Water,aop_sea_level_rise_2048.mp4,,,,,,,,
extras/meander_rivers,Meander,extras,Land,riverflow.mp4,,,,,,,,
extras/epidemic,Flu Virus Model: H1N1 - 2009,extras,People,epidemic_2048.mp4,,,,,,,,
extras/aop_ports,A Working Waterfront: Seaports of San Pedro Bay,extras,"Water, People",aop_ports_2048.mp4,,,,,,,,
extras/sos_locations,SOS Locations,extras,Extras,land.jpg,,,,,,,,
extras/smm_ag,2 Billion More Coming to Dinner,extras,Land,film.mp4,,,,,,,,
extras/olympics/summer_olympics,Olympics: Summer Medal Winners - 1896 - 2012,Extras,People,maps,,,,,,,,
extras/olympics,Mapping the Winter Olympics 1924 - 2014,extras,,combined_ColoredByDataset,,,,,,,,
extras/olympics/overview,Mapping the Winter Olympics - 2014 Overview,extras,,WO_Overview.mp4,,,,,,,,
extras/urban_ocean,Urban Ocean,extras,Water,SOS_Urban_Ocean_2k.mp4,,,,,,,,
extras/goldilocks,"Earth, our Goldilocks Planet",extras,Space,Goldilocks_autorun.mp4,,,,,,,,
extras/energy_planet,Energy Planet,extras,People,energy_planet_2048.mp4,,,,,,,,
extras/ngsp,The Next Generation of NOAA,extras,,NOAA_NGSP_2048.mp4,,,,,,,,
extras/noaa_logo,NOAA Logo,extras,Extras,ec.jpg,,,,,,,,
extras/pale_blue_dot,Our Pale Blue Dot,extras,"Space, People",ourpalebluedot.mp4,,,,,,,,
extras/everest,Mount Everest Panorama (Archived 5/23/2023),extras,Land,2048.jpg,,,,,,,,
extras/population_density,Population Density - 2016,extras,People,PopulationDensity.png,,,,,,,,
extras/wanderers/Title,The Wanderers Title banner,extras,,Wanderers-SOS-Poster-projection.jpg,,,,,,,,
extras/wanderers,The Wanderers,extras,Space,wanderers_2048.mp4,,,,,,,,
extras/rttm,Return to the Moon,extras,Space,rttm_110309_bright.mp4,,,,,,,,
extras/noaa_springer,Orphan Orca - Saving Springer (Archived 5/23/2023),extras,Water,/shared/sos/media/land/blue_marble/earth_vegetation/4096.jpg,,,,,,,,
extras/fukushima_aop,Fukushima and Our Radioactive Ocean,,Water,sos_fukushima.mp4,,,,,,,,
extras/titan_tours,Titan Tours,extras,Space,TitanToursSOS_2k.mp4,,,,,,,,
extras/changing_climate,"Changing Climate, Changing Ocean",extras,"Water, Air",changing_climate_2048.mp4,,,,,,,,
extras/earthnow/fracking,EarthNow: What does fracking mean to you?,extras,"Land, People",2048.mp4,,,,,,,,
extras/earthnow/lakes,EarthNow: The State of our Lakes,earthnow,,lakes_2048.mp4,,,,,,,,
extras/nca5,NCA5: The State of Climate Science and Inspiring Solutions,extras,"People, Air, Water",nca5.mp4,,,,,,,,
extras/cities,Cities Through Time,extras,"Land, People",Cities_Through_Time.mp4,,,,,,,,
extras/aop_change,The Only Thing that is Constant is Change,extras,People,SoSChange4K.mp4,,,,,,,,
extras/ssec_satellites,"Weather Satellites: Past, Present, and Future",astronomy,Space,WeatherSatellites.mp4,,,,,,,,
extras/flow_smm,Flow: Currents and Climate,extras,Water,SMM_FLOW_final.mp4,,,,,,,,
extras/climatebits/ozone_hole,ClimateBits: Ozone Hole,extras,Air,ClimateBits_ozone_hole.mp4,,,,,,,,
extras/climatebits/uv_index,ClimateBits: UV Index,extras,Air,UV_Index.mp4,,,,,,,,
extras/climatebits/phytoplankton,ClimateBits: Phytoplankton,extras,Water,CBphytoplankton_2k.mp4,,,,,,,,
extras/climatebits/carbon,"ClimateBits: Fast Carbon, Slow Carbon",extras,"Air, People",FastCarbon_SlowCarbon.mp4,,,,,,,,
extras/climatebits/carbon_dioxide,ClimateBits: Carbon Dioxide,extras,Air,carbon_dioxide.mp4,,,,,,,,
extras/climatebits/monsoon,ClimateBits: Monsoons,extras,Water,monsoon.mp4,,,,,,,,
extras/climatebits/urban_heat_islands/spanish,ClimateBits: Urban Heat Islands (Spanish),extras,"Land, People",CBurbanheat_2K.Sp.mp4,,,,,,,,
extras/climatebits/urban_heat_islands,ClimateBits: Urban Heat Islands,extras,"Land, People",CBurbanheat_2K.mp4,,,,,,,,
extras/climatebits/solar_radiation,ClimateBits: Solar Radiation,extras,"Air, Space",ClimateBits_Solar_Radiation.mp4,,,,,,,,
extras/climatebits/albedo,ClimateBits: Albedo,extras,"Air, Land, Snow and Ice",CBalbedo.mp4,,,,,,,,
extras/climatebits/el_nino,ClimateBits: El Nino,extras,Water,climatebits_el_nino.mp4,,,,,,,,
extras/climatebits/air_quality,ClimateBits: Air Quality,extras,Air,climate_bits_air_quality.mp4,,,,,,,,
extras/climatebits/ozone_layer,ClimateBits: Ozone Layer,extras,Air,ClimateBits_ozone_layer.mp4,,,,,,,,
extras/goes16-hurricanes,GOES-16 Tracks the Big Three,extras,Air,GOES16abi.mp4,,,,,,,,
extras/loop,Loop,extras,"Water, Air",loop_2048_remaster.mp4,,,,,,,,
extras/largest,Largest,extras,Space,LARGEST_091509.mp4,,,,,,,,
extras/sos_video,SOS Promo Video,extras,,/shared/sos/media/land/etopo2/earth_color/4096.jpg,,,,,,,,
extras/acidifying-oceans,Acidifying Oceans: Oceans and Climate Change,extras,Water,acidifying-oceans-2048.mp4,,,,,,,,
extras/tsunami,Tsunami - 5-year Anniversary,extras,Water,Tsunami-2048.mp4,,,,,,,,
extras/live_programs/common_ground/tragedy_commons,Seeking Common Ground on Climate: Beijing Air Pollution,live_programs,Live_Programs,gray_marble.png,,,,,,,,
extras/live_programs/common_ground/2010_emissions_rankings,Seeking Common Ground on Climate: Top 10 CO2 Emitting Nations (2010),live_programs,Live_Programs,frames,,,,,,,,
extras/live_programs/celestial_dance/nasa_2024,"Solar Eclipse Simulation (NASA) - April 8, 2024",live_programs,Live_Programs,4096.mp4,,,,,,,,
extras/live_programs/Oxygen_Min_Zone_Nloss/aerobic1,Oxygen Minimum Zones: Oxidation States 1 - Aerobic,live_programs,Live_Programs,/shared/sos/media/land/blue_marble/earth_vegetation/2048.jpg,,,,,,,,
extras/live_programs/Oxygen_Min_Zone_Nloss/locations,Oxygen Minimum Zones: Research Locations,live_programs,Live_Programs,locations.png,,,,,,,,
extras/live_programs/Oxygen_Min_Zone_Nloss/credits,Oxygen Minimum Zones: Credits,live_programs,Live_Programs,credits_4096.png,,,,,,,,
extras/live_programs/Oxygen_Min_Zone_Nloss/WOA13,Oxygen Minimum Zones: World Ocean Atlas Nitrate Station Locations (2013),live_programs,,WOA13Stationlocations2048.png,,,,,,,,
extras/live_programs/three_planets/EarthMarsVenus,3P: Planetary Comparisons - Earth Mars Venus,live_programs,Live_Programs,EarthMarsVenus.png,,,,,,,,
extras/live_programs/three_planets/Venus/WithClouds,3P: Venus,live_programs,Live_Programs,images,,,,,,,,
extras/live_programs/maven/panorama,MAVEN: Curiosity Panorama PIP,live_programs,Live_Programs,/shared/sos/media/astronomy/mars/original/4096.jpg,,,,,,,,
extras/live_programs/maven/maven_orbit,Maven: MAVEN over Red Mars Atmosphere captured by MRO,live_programs,Live_Programs,MAVEN_2048.mp4,,,,,,,,
extras/live_programs/maven/mars_sputtering,Mars: MAVEN Sputtering video,live_programs,Live_Programs,4000.jpg,,,,,,,,
extras/live_programs/maven/waterfeatures/channels,Mars: Channels,live_programs,Live_Programs,/shared/sos/media/extras/live_programs/maven/waterfeatures/2048.jpg,,,,,,,,
extras/live_programs/maven/waterfeatures,Maven: Water Features Comparison,live_programs,Live_Programs,WateryBackground.jpg,,,,,,,,
extras/live_programs/maven/atmosphere,Maven: MAVEN over Red Mars Atmosphere captured by MRO,live_programs,Live_Programs,MAVEN_Over_Mars_Atmo.mp4,,,,,,,,
extras/live_programs/maven/yellow_sun,MAVEN: Yellow Sun,live_programs,Live_Programs,sunmap.jpg,,,,,,,,
extras/live_programs/feats_footprints/population,Feats and Footprints: Population Movie,live_programs,Live_Programs,PopulationMovie_720.mp4,,,,,,,,
extras/live_programs/waterfalls/sea_surface_salinity,Water Falls: Aquarius Sea Surface Salinity 2012,live_programs,Live_Programs,aquarius_flat_2048x1024.mp4,,,,,,,,
extras/live_programs/waterfalls/pips/droughts,Water Falls: Human Impacts: Droughts,live_programs,Live_Programs,/shared/sos/rt/noaa/drought/4096,,,,,,,,
extras/live_programs/waterfalls/pips/floods,Water Falls: Human impact: Floods,live_programs,Live_Programs,/shared/sos/media/atmosphere/nccs_models/water/sos_water.mp4,,,,,,,,
extras/live_programs/waterfalls/waterbottles,Water Falls: filling water bottles over GRACE,live_programs,Live_Programs,/shared/sos/media/land/grace/gsfc/grace_gsfc_2048.mp4,,,,,,,,
extras/live_programs/waterfalls/oscar_3958,Water Falls: OSCAR Ocean Current,live_programs,Live_Programs,oscar_3958.mp4,,,,,,,,
extras/live_programs/waterfalls/GEOS_wip,Water Falls: GEOS Hurricane Sandy Wind Speed over Water Vapor,live_programs,Live_Programs,medium,,,,,,,,
extras/live_programs/waterfalls/umbrellas,Water Falls: Umbrellas,live_programs,Live_Programs,gpm_umbrellas.mp4,,,,,,,,
extras/live_programs/waterfalls/trmm_rainfall_2003,"Water Falls: Global TRMM Rainfall, Aug - Sep 2003",live_programs,Live_Programs,1440,,,,,,,,
extras/live_programs/waterfalls/water_cycle_post,Water Falls: Water Cycle Components,live_programs,Live_Programs,watercycle_anim_all.mp4,,,,,,,,
extras/live_programs/waterfalls/evaporation,Water Falls: GEOS-5 Modeled Evaporation,live_programs,Live_Programs,evap_large.mp4,,,,,,,,
extras/live_programs/vents/vent_site_Mata,Deep-Sea Vents: Vent Site Mata Volcanoes,live_programs,Live_Programs,vent_site_Mata_4096.mp4,,,,,,,,
extras/live_programs/vents/black_sphere,Deep-Sea Vents: Black,live_programs,Live_Programs,Black.jpg,,,,,,,,
extras/live_programs/vents/vent_site_Mid-Cayman,Deep-Sea Vents: Vent Site Mid-Cayman Rise,live_programs,Live_Programs,vent_site_Mid-Cayman_4096.mp4,,,,,,,,
extras/live_programs/vents/vent_site_Mariana,Deep-Sea Vents: Vent Site Mariana Back-Arc,live_programs,Live_Programs,vent_site_Mariana_4096.mp4,,,,,,,,
extras/live_programs/vents/vent_cross_section,Deep-Sea Vents: Vent Cross Section,live_programs,Live_Programs,vent_cross_section_4096.png,,,,,,,,
extras/live_programs/vents/vent_site_Galapagos,Deep-Sea Vents: Vent Site Galapagos Rift,live_programs,Live_Programs,vent_site_Galapagos_4096.mp4,,,,,,,,
extras/live_programs/vents/vent_discoveries_animation,Deep-Sea Vents: Vent Discoveries Animation,live_programs,Live_Programs,vent_discoveries,,,,,,,,
extras/live_programs/vents/vent_site_Axial,Deep-Sea Vents: Vent Site Axial Seamount,live_programs,Live_Programs,vent_site_Axial_4096.mp4,,,,,,,,
extras/live_programs/vents/vent_site_Loihi,Deep-Sea Vents: Vent Site Loihi,live_programs,Live_Programs,vent_site_Loihi_4096.mp4,,,,,,,,
extras/live_programs/goldilocks/venus_transit/304,"Goldilocks: Venus Transit, June 5 - 6, 2012, STEREO/SDO 304",live_programs,Live_Programs,venus_transit_304_2048.mp4,,,,,,,,
extras/live_programs/sandy/glaps_sandy/ptt,Hurricane Sandy - GLAPS Radar Reflectivity (dBZ),live_programs,Live_Programs,raw,,,,,,,,
extras/live_programs/sandy/enhanced,Hurricane Sandy - Enhanced IR Sat,live_programs,Live_Programs,enhanced_2048.mp4,,,,,,,,
extras/live_programs/sandy/linear,Hurricane Sandy (Real-Time Linear IR),live_programs,Live_Programs,linear_2048.mp4,,,,,,,,
extras/live_programs/sandy/sst_anom,Hurricane Sandy - SST Anomaly,live_programs,Live_Programs,2048,,,,,,,,
extras/live_programs/animals_on_the_move/dataset_004,Seal and Seabird Tracks: Pacific Ocean,live_programs,Live_Programs,/shared/sos/media/oceans/animal_tracking/topp_tracking_2048.mp4,,,,,,,,
extras/live_programs/animals_on_the_move/dataset_003,Bird Migration Patterns - Western Hemisphere,,Site-Custom,/shared/sos/media/land/birds/birds_2048.mp4,,,,,,,,
extras/live_programs/animals_on_the_move/dataset_005,Surface Winds: CCMP Winds only June-October2011 model,live_programs,Live_Programs,ccmp_global_whiteHD35.mp4,,,,,,,,
extras/live_programs/animals_on_the_move/dataset_010,Deep-Sea Vents: Vent Site Galapagos Rift,live_programs,Live_Programs,/shared/sos/media/extras/live_programs/vents/vent_site_Galapagos/vent_site_Galapagos_4096.mp4,,,,,,,,
extras/live_programs/animals_on_the_move/dataset_014,Warm Forecast for Coral Reefs,,Site-Custom,/shared/sos/media/extras/live_programs/amnh/coral_reefs_forecast/AMNH_2048_new.mp4,,,,,,,,
extras/live_programs/animals_on_the_move/dataset_013,Oceans flows at surface and 2000m depth,live_programs,Live_Programs,currents_2k.mp4,,,,,,,,
extras/live_programs/mitigation_adaptation/scenarios,Mitigation or Adaptation: You Decide - Blue Marble with Scenario PIPs,live_programs,Live_Programs,earth.jpg,,,,,,,,
extras/live_programs/g_is_for_galaxy/black_hole,Black Hole,live_programs,Live_Programs,/shared/sos/media/astronomy/milky_way/all_sky/2048.jpg,,,,,,,,
extras/live_programs/g_is_for_galaxy/hubble_revelations,Hubble Revelations,live_programs,Live_Programs,image,,,,,,,,
extras/live_programs/climate_change_health/dengue,Climate Change and Health: Dengue Fever with Mosquito Layer,live_programs,Live_Programs,/shared/sos/media/extras/dengue/4096.jpg,,,,,,,,
extras/live_programs/climate_change_health/maslow,Climate Change and Health: Blue Marble with Maslow Pyramid Layer,live_programs,Live_Programs,/shared/sos/media/land/blue_marble/blue_marble/4096.jpg,,,,,,,,
extras/live_programs/one_ocean/Salinity/SSS,Sea Surface Salinity from GFDL 2.6 (simple),oceans,,images/,,,,,,,,
extras/live_programs/amnh/coral_reefs,Coral Reefs in Hot Water (Archived 5/23/2023),extras,Water,AMNH_CoralReefs.mp4,,,,,,,,
extras/live_programs/amnh/ozone,Ozone's Slow Recovery - 2013  (Archived 5/23/2023),extras,Air,AMNH_Ozones_Slow_Recovery_2048_NAKED.mp4,,,,,,,,
extras/live_programs/amnh/wildlife,Protecting Wildlife in a Changing Climate,extras,Land,AMNH_Wildlife_Climate_Change.mp4,,,,,,,,
extras/live_programs/amnh/sea_ice,Arctic Sea Ice: The New Normal (Archived 5/23/2023),extras,"Water, Snow and Ice",AMNH_SeaIce_2048.mp4,,,,,,,,
extras/live_programs/amnh/green_machine,Earth's Green Carbon Machine (Archived 5/23/2023),extras,"Water, Land",AMNH_Earths-Green.mp4,,,,,,,,
extras/live_programs/amnh/enso,El Nino and La Nina Impacts (Archived 5/23/2023),extras,Water,AMNH_ElNinoLaNina.mp4,,,,,,,,
extras/live_programs/amnh/coral_reefs_forecast,Warm Forecast for Coral Reefs (Archived 5/23/2023),extras,Water,AMNH_2048_new.mp4,,,,,,,,
extras/live_programs/amnh/green_arctic,Greening of the Arctic (Archived 5/23/2023),extras,Land,AMNH_ArcticGreening_4096.mp4,,,,,,,,
extras/live_programs/amnh/water_underground,Water Underground (Archived 5/23/2023),extras,Water,AMNH_Water-Underground.mp4,,,,,,,,
extras/live_programs/uncertainty/model_v_sat,Deciphering Uncertainty in a Changing Climate: Model versus Satellite,live_programs,Live_Programs,model-sat2.mp4,,,,,,,,
extras/live_programs/wind_water/day_night_comp,"Wind, Water: GLAPS day/night temp comparison",live_programs,Live_Programs,2867,,,,,,,,
extras/live_programs/wind_water/annual_precip,"Wind, Water: Annual Precip",live_programs,Live_Programs,annual_precip.jpg,,,,,,,,
extras/live_programs/rising_waters_nnc/autorun/ocean_pics,Rising Waters Autorun: Ocean Pics,live_programs,Live_Programs,black.jpg,,,,,,,,
extras/live_programs/lhs/go_with_the_flow/shoespill/06_1990_shoe_spill,Hansa Carrier Shoe Spill - Shoe Spill Results,live_programs,Live_Programs,shoe.mp4,,,,,,,,
extras/live_programs/lhs/go_with_the_flow/shoespill/01_intro,Hansa Carrier Shoe Spill - Introduction PIP,live_programs,Live_Programs,background.jpg,,,,,,,,
extras/live_programs/lhs/go_with_the_flow/penguin/05_feather_allcurrents,Penguin Feather - Feathers and Both Currents,live_programs,Live_Programs,PenguinConveyors05_allcurrents_feathers.mp4,,,,,,,,
extras/live_programs/lhs/go_with_the_flow/penguin/02_surfcurrents,Penguin Feather - Surface Currents,live_programs,Live_Programs,PenguinConveyors02_surfcurrents.mp4,,,,,,,,
extras/live_programs/lhs/go_with_the_flow/penguin/01_convcurrents,Penguin Feather - Convection Currents,live_programs,Live_Programs,PenguinConveyors01_convcurrents.mp4,,,,,,,,
extras/live_programs/lhs/go_with_the_flow/penguin/03_allcurrents,Penguin Feather - Surface and Convection Currents,live_programs,Live_Programs,PenguinConveyors03_allcurrents.mp4,,,,,,,,
extras/live_programs/lhs/fronts_forecasts/sat,Real Time Color Enhanced IR Satellite with Blue Marble,,,/shared/sos/rt/noaa/sat/enhanced/medium,,,,,,,,
extras/live_programs/aop_vis_change/climate_heart/sst,Ocean Circulation (still),AOP,,SST_Currents.jpg,,,,,,,,
extras/live_programs/aop_vis_change/climate_heart/solar,Global Solar Resources,AOP,,Global_Solar_Resources.png,,,,,,,,
extras/live_programs/aop_vis_change/climate_heart/wind,Global Wind Resources,AOP,,Global_Wind_Resources.png,,,,,,,,
extras/live_programs/aop_vis_change/ocean_acidification/oa_datasets/OA_Slide14,OA Closing,AOP,,14.mp4,,,,,,,,
extras/live_programs/aop_vis_change/ocean_acidification/oa_datasets/OA_Slide7,OA Species Impacted by Ocean Acidification,AOP,,7.mp4,,,,,,,,
extras/live_programs/aop_vis_change/ocean_acidification/oa_datasets/OA_Slide9,OA Pteropod Shell,AOP,,9.mp4,,,,,,,,
extras/live_programs/aop_vis_change/ocean_acidification/oa_datasets/OA_Slide12,OA Seattle Aquarium Solar Array,AOP,,12.mp4,,,,,,,,
extras/live_programs/aop_vis_change/ocean_acidification/oa_datasets/OA_Slide6,OA CO2 Data,AOP,,6.mp4,,,,,,,,
extras/live_programs/aop_vis_change/ocean_acidification/oa_datasets/OA_Slide8,"OA ""Home"" Building",AOP,,8.mp4,,,,,,,,
extras/live_programs/aop_vis_change/ocean_acidification/oa_datasets/OA_Slide13,OA Renewable Energy Solutions,AOP,,13.mp4,,,,,,,,
extras/live_programs/aop_vis_change/ocean_acidification/oa_datasets/OA_Slide5,OA Ocean Acidification,AOP,,5.mp4,,,,,,,,
extras/live_programs/aop_vis_change/ocean_acidification/oa_datasets/OA_Slide1,OA Introduction,AOP,,1.mp4,,,,,,,,
extras/live_programs/aop_vis_change/ocean_acidification/oa_datasets/OA_Slide4,OA CO2 Accumulation Visualization,AOP,,4.mp4,,,,,,,,
extras/live_programs/aop_vis_change/ocean_acidification/oa_datasets/OA_Slide2,OA Seattle Aquarium Solar,AOP,,2.mp4,,,,,,,,
extras/live_programs/aop_vis_change/ocean_acidification/oa_datasets/OA_Slide11,OA Ocean Food Web,AOP,,11.mp4,,,,,,,,
extras/live_programs/energy_poverty/population,Population Density (new),,,Population_density.jpg,,,,,,,,
extras/live_programs/energy_poverty/infants,Infant Mortality,,,Infant_Mortality.jpg,,,,,,,,
extras/live_programs/energy_poverty/ghg,Total GHG Emissions,,,Total_GHG_Emissions.jpg,,,,,,,,
extras/live_programs/dust/darwin_iron,Iron Concentration - 2015,live_programs,Live_Programs,iron_4096.mp4,,,,,,,,
extras/live_programs/dust/darwin_chlorophyll,Chlorophyll Concentration - 2015,live_programs,Live_Programs,chla_4096.mp4,,,,,,,,
extras/live_programs/dust/nullschool_dust,Aerosol Optical Thickness: Dust - 2018,live_programs,Live_Programs,dust-2018.2k.mp4,,,,,,,,
extras/live_programs/dust/darwin_nitrate,Nitrate Concentration - 2015,live_programs,Live_Programs,nitrate_4096.mp4,,,,,,,,
extras/live_programs/air_quality/earth_night,"Earth at Night: 1992, 2002, 2012",land,Live_Programs,20years,,,,,,,,
extras/blue_planet,Blue Planet,extras,Water,blue_planet_2048.mp4,,,,,,,,
extras/noaa_promo2,NOAA Promo 2,extras,,noaa_promo2_2048.mp4,,,,,,,,
extras/eating-water,Eating Water: Agriculture and Climate Change,extras,"Water, Land",eating-water-2048.mp4,,,,,,,,
extras/garbage_patch,Marine Debris: Garbage Patch Experiment Movie,extras,Water,SOS_garbage_patch_4096x2048.mp4,,,,,,,,
extras/new_horizons,New Horizons (Archived 5/23/2023),extras,Space,New_Horizons_final.mp4,,,,,,,,
extras/goesr,GOES-R: Today's Satellite for Tomorrow's Forecast,extras,"Space, People",GOESR.mp4,,,,,,,,
extras/snowglobe/noclouds,Snow Globe with No Clouds,extras,,snow_globe_2048.mp4,,,,,,,,
extras/snowglobe/clouds,Snow Globe with Clouds,extras,,snow_globe_clouds_2048.mp4,,,,,,,,
extras/aop_om,Ocean in Motion,extras,Water,Ocean_in_Motion_2k_NOAA.mp4,,,,,,,,
extras/facebook/with_statuses,Facebook with Status Layer,extras,,../2048.png,,,,,,,,
extras/facebook,Facebook Friendships,extras,People,2048.png,,,,,,,,
extras/coral,Coral Science from Outer Space to Inner Space (Archived 5/23/2023),extras,Water,coral_2048.mp4,,,,,,,,
extras/globe/autorun,GLOBE: Students of the Earth Movie,extras,"Water, Air",GlobeFinal-2048.mp4,,,,,,,,
extras/footprints,Footprints,extras,People,FOOTPRINTSredux040109_normal.mp4,,,,,,,,
extras/extreme_weather,Extreme Weather,extras,Air,2k_Extreme_Weather.mp4,,,,,,,,
extras/fisheries,This is NOAA Fisheries (Archived 5/23/2023),extras,"Water, Extras",fisheries.jpg,,,,,,,,
extras/exploring_unknown_ocean,Exploring the Unknown Ocean,extras,Water,exploring_unknown_ocean_2048.mp4,,,,,,,,
extras/pop_density,Population Density from NEO,extras,,3600_pop_density.jpg,,,,,,,,
extras/nssl_storm,Cooking Up A Storm,extras,Air,nssl_storm_2000.mp4,,,,,,,,
extras/energy_revolution,Energy Revolution,extras,People,energy_revolution_111809.mp4,,,,,,,,
extras/human-era,The Human Era: A World of Changes,extras,"Air, People",human-era-2048.mp4,,,,,,,,
extras/eclipse_sw_movie,Solar Eclipses and Space Weather Explained,extras,Space,spaceweather.mp4,,,,,,,,
models/gfdl_seaice,Climate Model: Sea Ice Change (GFDL a1b) 1861 - 2100 (Archived 5/16/23),models and simulations,Snow and Ice,gfdl_seaice_2048.mp4,,,,,,,,
models/ukmet/a1b,Climate Model: Temperature Change (Hadley a1b) - 1860 - 2099 (Archived 5/16/23),models and simulations,Air,2100,,,,,,,,
models/ipcc_temp/ccsm/a1b,Climate Model: Temperature Change (CCSM a1b) - 1870 - 2100 (Archived 5/16/23),models and simulations,Air,ccsm_a1b_2048.mp4,,,,,,,,
models/ipcc_temp/ccsm/b1,Climate Model: Temperature Change (CCSM b1) - 1870 - 2100 (Archived 5/16/23),models and simulations,Air,ccsm_b1_2048.mp4,,,,,,,,
models/ipcc_temp/gfdl/a1b,Climate Model: Temperature Change (GFDL a1b) - 1870 - 2100 (Archived 5/16/23),models and simulations,Air,gfdl_a1b_2048.mp4,,,,,,,,
models/ipcc_temp/gfdl/b1,Climate Model: Temperature Change (GFDL b1) - 1870 - 2100 (Archived 5/16/23),models and simulations,Air,gfdl_b1_2048.mp4,,,,,,,,
models/ipcc_temp/compare,Climate Model: Temperature Change Comparison (GFDL a1b and b1),models and simulations,Air,4095,,,,,,,,
models/ipcc_temp/had/a1b,Climate Model: Temperature Change (Hadley a1b) - 1870 - 2100 (Archived 5/16/23),models and simulations,Air,had_a1b_2048.mp4,,,,,,,,
models/ipcc_temp/had/b1,Climate Model: Temperature Change (Hadley b1) - 1870 - 2100 (Archived 5/16/23),models and simulations,Air,had_b1_2048.mp4,,,,,,,,
models/rcp/ga26,Climate Model: Temperature Change (RCP 2.6) - 2006 - 2100,models and simulations,Air,ga26_2048.mp4,,,,,,,,
models/rcp/ga60,Climate Model: Temperature Change (RCP 6.0) - 2006 - 2100,models and simulations,Air,ga60_2048.mp4,,,,,,,,
models/rcp/ga85,Climate Model: Temperature Change (RCP 8.5) - 2006 - 2100,models and simulations,Air,ga85_2048.mp4,,,,,,,,
models/rcp/ga45,Climate Model: Temperature Change (RCP 4.5) - 2006 - 2100,models and simulations,Air,ga45_2048.mp4,,,,,,,,
models/gfdl_precip_anomaly,IPCC GFDL Precip Anomaly,models and simulations,,gfdl_precip_anomaly_2048.mp4,,,,,,,,
oceans/gfdl_sst/land_background,Sea Surface Temperature NOAA Model (with vegetation),oceans,Water,gfdl_sst_2048_land.mp4,,,,,,,,
oceans/gfdl_sst/black_background,Sea Surface Temperature NOAA Model (black land),oceans,Water,gfdl_sst_2048_black.mp4,,,,,,,,
oceans/sss,Sea Surface Salinity,oceans,Water,sss_2048.mp4,,,,,,,,
oceans/tsunami_historical_series/aleutians_1957,Tsunami Historical Series - Aleutians 1957,oceans,Water,Tsunami_Aleutians_1957_4k.mp4,,,,,,,,
oceans/tsunami_historical_series/aleutians,Tsunami Historical Series: Aleutian Islands 1946,oceans,Water,Tsunami_Aleutians_1946_4k.mp4,,,,,,,,
oceans/tsunami_historical_series/chile_1960,Tsunami Historical Series: Chile - 1960,oceans,Water,4k.mp4,,,,,,,,
oceans/tsunami_historical_series/chile,Tsunami Historical Series: Chile - 2010,oceans,Water,Tsunami_Chile_2010_4k.mp4,,,,,,,,
oceans/tsunami_historical_series/sumatra,Tsunami Historical Series: Sumatra - 2004,oceans,Water,Tsunami_Sumatra_2004_4k.mp4,,,,,,,,
oceans/tsunami_historical_series/cascadia,Tsunami Historical Series: Cascadia - 1700,oceans,Water,Tsunami_Cascadia_1700_4k.mp4,,,,,,,,
oceans/tsunami_historical_series/japan,Tsunami Historical Series: Japan - 2011,oceans,Water,Tsunami_Japan_2011_4k.mp4,,,,,,,,
oceans/tsunami_historical_series/samoa,Tsunami Historical Series: Samoa - 2009,oceans,Water,Tsunami_Samoa_2009_4k.mp4,,,,,,,,
oceans/tsunami_historical_series/lisbon,Tsunami Historical Series: Lisbon - 1755,oceans,Water,Tsunami_Lisbon_1755_4k.mp4,,,,,,,,
oceans/tsunami_historical_series/alaska,Tsunami Historical Series: Alaska - 1964,oceans,Water,Tsunami_Alaska_1964_4k.mp4,,,,,,,,
oceans/tsunami_historical_series/kamchatka,"Tsunami Historical Series: Kamchatka, Russia - 2025",oceans,Water,Tsunami_Kamchatka_2025_4k.mp4,,,,,,,,
oceans/mjo,Madden Julien Oscillation - Winter Impacts,oceans,"Air, Water",mjo.mp4,,,,,,,,
oceans/OceanAcidification,Ocean Acidification,oceans,,ocean_acidification_2048.mp4,,,,,,,,
oceans/WeeklySeaIce/6day_seaice,Weekly Sea Ice July 2005 - August 2007 (over EV),oceans,,6day_seaice_4096.mp4,,,,,,,,
oceans/WeeklySeaIce/10day_seaice,Sea Ice Concentrations - 1978 - Present,oceans,Snow and Ice,weekly_sea_ice_2048.mp4,,,,,,,,
oceans/WeeklySeaIce/sept_seaice,Sea Ice Extent: September Only,oceans,Snow and Ice,sept_seaice_2048.mp4,,,,,,,,
oceans/indian_tsunami,Indian Tsunami V3,oceans,,indian_tsunami_2048.mp4,,,,,,,,
oceans/neo_sst,Sea Surface Temp Monthly Sept 1981 - Dec 2006 from NEO,oceans,,neo_sst_2048.mp4,,,,,,,,
oceans/2005-2006_seaice,Sea Ice and Snow Cover Sept. 2005 - Sept. 2006,oceans,,2005-2006_seaice_2048.mp4,,,,,,,,
oceans/mexico_turtles/947293,Sea Turtle Track: Gulf of Mexico (94-7293) (Archived 5/16/23),oceans,Water,turtle_2048.mp4,,,,,,,,
oceans/ocean_conveyor_belt,Ocean Circulation (conveyor belts),oceans,Water,oceanconveyorLG2.mp4,,,,,,,,
oceans/fleet_sst,"Fleet Numerical SST (April 13, 2005 - October 31, 2006)",oceans,,fleet_sst_2048.mp4,,,,,,,,
oceans/shipping,Shipping Routes (with labels) - One Year,oceans,Water,3600.png,,,,,,,,
oceans/LoggerheadSeaTurtleTracks,Loggerhead Sea Turtle Tracks,oceans,Water,loggerhead_seaturtles_2048.mp4,,,,,,,,
oceans/tsunami_history,120 Years of Earthquakes and Their Tsunamis: 1901-2020,land,"Land, Water",Seismic_Tsunami_History_120yrs_NEIC_NCEI_SOS.mp4,,,,,,,,
oceans/SST_1980-1999/lanina_sample,La Nina - 1988 - 1989,oceans,Water,lanina_sample_2048.mp4,,,,,,,,
oceans/SST_1980-1999/elnino_sample,El Nino - 1997 - 1998,oceans,Water,elnino_sample_2048.mp4,,,,,,,,
oceans/SST_1980-1999,Sea Surface Temperature Anomalies - 1980 - 1999,oceans,Water,SST_1980-1999_2048.mp4,,,,,,,,
oceans/greenland_melt,Greenland Melting Trends (Archived 5/16/23),oceans,Snow and Ice,greenland_melt_2048.mp4,,,,,,,,
oceans/nasa_sst,Sea Surface Temperature Model,oceans,Water,nasa_sst_2048.mp4,,,,,,,,
oceans/vector_winds,Ocean Surface Winds,oceans,"Water, Air",vector_winds_2048.mp4,,,,,,,,
oceans/modis_sst,Sea Surface Temperature Observations - 2002 - 2006 (Retired 5/23/2023),oceans,Water,modis_sst_2048.mp4,,,,,,,,
oceans/atl_turtle,Sea Turtle Track: Atlantic Ocean,oceans,Water,atl_turtle_2048.mp4,,,,,,,,
oceans/minimum_seaice,September Minimum Sea Ice Coverage 1979 - 2004 w/ Red 15% Concentration Line,oceans,,minimum_seaice_red_2048.mp4,,,,,,,,
oceans/animal_tracking,Seal and Seabird Tracks: Pacific Ocean,oceans,Water,topp_tracking_2048.mp4,,,,,,,,
oceans/phytoplankton,Phytoplankton Model,oceans,Water,phytoplankton_2048.mp4,,,,,,,,
oceans/ocean_drain/etopo,Ocean Drain (with colorized topography),oceans,Water,ocean_drain_etopo_2048.mp4,,,,,,,,
oceans/ocean_drain/gray,Ocean Drain (with gray bathymetry),oceans,Water,ocean_drain_gray_4096.mp4,,,,,,,,
oceans/ocean_drain/land,Ocean Drain (with land vegetation),oceans,Water,ocean_drain_land_2048.mp4,,,,,,,,
oceans/vorticity,Ocean Surface Vorticity,oceans,Water,vorticity_3396.mp4,,,,,,,,
oceans/sea_surface_height_anomaly,Sea Surface Height Anomaly,oceans,Water,sea_surface_height_anomaly_2048.mp4,,,,,,,,
oceans/shark,Great White Shark Track,oceans,Water,shark_2048.mp4,,,,,,,,
oceans/2009_ice_animation,Sea Ice Animation - 2009 (Retired 5/23/2023),oceans,Snow and Ice,2009_ice_animation_2048.mp4,,,,,,,,
oceans/chlorophyll_model,Biosphere: Marine Chlorophyll Concentration Model,,Water,chlorophyll_model_2048.mp4,,,,,,,,
oceans/ecco2_sst/veg_land,Sea Surface Currents and Temperature (vegetation on land),oceans,Water,ecco2_sst_veg_2048.mp4,,,,,,,,
oceans/ecco2_sst/gray_land,Sea Surface Currents and Temperature (gray land),oceans,Water,ecco2_sst_gray_2048.mp4,,,,,,,,
oceans/fleet_sst_anomaly,"Fleet Numerical SST Anomaly (April 13, 2005 - May 28, 2007)",oceans,,fleet_sst_anomaly_1024.mp4,,,,,,,,
oceans/argo_buoy_waterfall,Float Tracks: Argo (buoy depths animation),oceans,Water,argo_buoy_waterfall_2048.mp4,,,,,,,,
oceans/japan_tsunami_waves/combo,"Japan Earthquake, Tsunami Wave Propagation, and Wave Heights Combo",oceans,Water,quake_tsunami_combo_2048.mp4,,,,,,,,
oceans/japan_tsunami_waves,"Japan Tsunami Wave Propagation - March 11, 2011",oceans,Water,japan_tsunami_waves_2048.mp4,,,,,,,,
oceans/oil_spill,Oil Spill: Deep Water Horizons - 2010 (Retired 5/23/2023),oceans,Water,oil_spill_map.png,,,,,,,,
oceans/pr_tsunami,Puerto Rico Hypothetical Tsunami,oceans,Water,pr_tsunami_2048.mp4,,,,,,,,
oceans/sea_level,Sea Level Rise: 10m Increments,oceans,Water,sea_level_2048x1024.mp4,,,,,,,,
oceans/seawifs/land_background,Biosphere: Marine Chlorophyll Concentration,oceans,"Water, Land",seawifs_land_2048.mp4,,,,,,,,
oceans/seawifs/no_holes,Biosphere: Marine Chlorophyll Concentration and Land Vegetation (with CO2 labels) (Retired 5/23/2023),oceans,"Water, Land",seawifs_no_holes_2048.mp4,,,,,,,,
oceans/seawifs/mauna_loa_graph,Biosphere: Marine Chlorophyll Concentration and Land Vegetation (with CO2 graph) (Retired 5/23/2023),oceans,"Water, Land",mauna_loa_graph_2048.mp4,,,,,,,,
oceans/nasa_speed,Sea Surface Currents,oceans,Water,nasa_speed_2048.mp4,,,,,,,,
oceans/dart_buoy,Buoy Locations (DART only) (Retired 5/23/2023),oceans,Water,2000.jpg,,,,,,,,
oceans/pac_turtle,Sea Turtle Track: Pacific Ocean (Archived 5/16/23),oceans,Water,pac_turtle_2048.mp4,,,,10,288,1102,2000,4000
oceans/26_isotherm,Depth of 26 degree isotherm 2005,oceans,,26_isotherm_2048.mp4,,,,,,,,
oceans/argo_buoy_tracks,Buoy Tracks: Argo (surface animation),oceans,Water,argo_buoy_tracks_2048.mp4,,,,,,,,
temporary/drought,Drought Risk with Crop Impacts - July 2025,Spotlight,"Air, Land, People",drought_20250717.png,,,,,,,,
temporary/ian,Hurricane Ian: Clouds (colorized),,,ian_2048.mp4,,,,,,,,
temporary/pop_movie,Population Growth Movie 1 C.E. - 2050 C.E.,,,/shared/sos/media/extras/population_movie/world_population_2048.mp4,,,,,,,,
temporary/florence/playlist,"Hurricane Florence: Linear IR - September 14, 2018",realtime,Air,../medium,,,,,,,,
site-custom/renewable_energy/Geothermal/Geothermal_Wells_Volcanoes,Geothermal Wells and Volcanoes,,Site_Custom,2BlueMarbleVolcs.jpg,,,,,,,,
site-custom/renewable_energy/Wave_and_Tidal/Tidal_Time_Lapse_Movie,Tidal Time Lapse Movie,,Site_Custom,bluemarble.jpg,,,,,,,,
site-custom/renewable_energy/Wave_and_Tidal/Wave_Energy_Map,Wave Energy Map,,Site_Custom,wave_energy_map.jpg,,,,,,,,
site-custom/renewable_energy/weather_and_climate/ENSO/La_Nina_Summer,La Nina Summer,,Site_Custom,La_Nina_Summer.jpg,,,,,,,,
site-custom/renewable_energy/weather_and_climate/ENSO/El_Nino_Winter,El Nino Winter,,Site_Custom,El_Nino_Winter.jpg,,,,,,,,
site-custom/renewable_energy/weather_and_climate/ENSO/El_Nino_Summer,El Nino Summer,,Site_Custom,El_Nino_Summer.jpg,,,,,,,,
site-custom/renewable_energy/weather_and_climate/ENSO/La_Nina_Winter,La Nina Winter,,Site_Custom,La_Nina_Winter.jpg,,,,,,,,
site-custom/renewable_energy/weather_and_climate/NW_Climate_and_Weather/rainshadow,Rainshadow Effect,,Site_Custom,40962.jpg,,,,,,,,
site-custom/renewable_energy/Wind/Wind_Resource_Map,Wind Resource Map,,Site_Custom,wind_resources_map.png,,,,,,,,
site-custom/renewable_energy/Wind/Wind_Turbine_Examples,Wind Turbine Examples,,Site_Custom,Global_wind_resources_map.png,,,,,,,,
site-custom/climate_change/Whale_Migration/WhaleMigration,Humpback Whale Migration,,Site_Custom,Migration,,,,,,,,
site-custom/climate_change/Whale_Migration/Humpbackwhale,Humpback Whale,,Site_Custom,white.jpg,,,,,,,,
site-custom/OMSI_logos/GALA2012/2016_long,Gala 2016 Long,,Site_Custom,Map.jpg,,,,10,288,1102,2000,4000
site-custom/plate_tectonics/paleogeographic_continents,Paleo Geographic Animation Portland,,Site_Custom,continental_drift_v2.mp4,,,,,,,,
site-custom/OMSI_EFS/Tamara/jpl,GRACE gravityjpeg by JPL,,,grace_jpl_1910.mp4,,,,,,,,
site-custom/OMSI_EFS/Tamara/CoriolisEffect/sandy,Hurricane Sandy,,,sandy_2048.mp4,,,,,,,,
site-custom/sos_workshop/becker/tsunamiRT/Lisbon1755/new,Lisbon 1755 tsunami energy + coastal run-up map new color,site-custom,,Lisbon_1755_LG2_rift_coastal_energy.jpg,,,,,,,,
site-custom/sos_workshop/becker/tsunamiRT/Chile1960/animation,Chile_Tsunami_1960_SOS,site-custom,,Chile_Tsunami_1960_SOS.mp4,,,,,,,,
site-custom/sos_workshop/becker/tsunamiRT/Japan2011/new,Japan 2011 tsunami energy + coastal run-up map new color,site-custom,,Japan_2011_LG2_rift_coastal_energy.jpg,,,,,,,,
site-custom/sos_workshop/becker/tsunamiRT/Chile2010/new,Chile 2010 tsunami energy + coastal run-up map new,site-custom,,Chile_2010_LG2_rift_coastal_energy.jpg,,,,,,,,
site-custom/sos_workshop/becker/tsunamiRT/Chile2010/animation,Chile_Tsunami_2010_SOS,site-custom,,Chile_Tsunami_2010_SOS.mp4,,,,,,,,
site-custom/sos_workshop/becker/tsunamiRT/Chile2010/original,Chile 2010 tsunami energy + coastal run-up map original,site-custom,,Chile_2010_original_rift_coastal_energy.jpg,,,,,,,,
site-custom/sos_workshop/becker/tsunamiRT/Chile2010/compare,Chile 2010 tsunami coastal run-up compare original and new,site-custom,,stills,,,,,,,,
site-custom/sos_workshop/becker/tsunamiRT/Chile2014/coastal,Chile 2014 tsunami coastal run-up map,site-custom,,Chile2014_rift_coastal.jpg,,,,,,,,
site-custom/sos_workshop/becker/tsunamiRT/Chile2014/energy,Chile 2014 tsunami energy map,site-custom,,Chile2014_rift_energy.jpg,,,,,,,,
site-custom/sos_workshop/becker/tsunamiRT/Chile2014/sullivan,Sullivan presenting- 2014 Chile tsunami +19 hours,site-custom,,SOS_19hr.jpg,,,,,,,,
site-custom/sos_workshop/becker/tsunamiRT/Chile2014/earthquake,Chile 2014 earthquake,site-custom,,quake.jpg,,,,,,,,
site-custom/sos_workshop/becker/tsunamiRT/TopographyAnaglyphs/ETOPO_anaglyph,ETOPO Anaglyph,Site_Custom,,etopo_Anaglyph_4k.jpg,,,,,,,,
site-custom/sos_workshop/becker/tsunamiRT/TopographyAnaglyphs/LRO_anaglyph,LRO Anaglyph,Site_Custom,,LRO_Anaglyph_4k.jpg,,,,,,,,
site-custom/sos_workshop/becker/tsunamiRT/TopographyAnaglyphs/MOLA_anaglyph,MOLA Anaglyph,Site_Custom,,MOLA_Anaglyph_4k.jpg,,,,,,,,
site-custom/sos_workshop/becker/tsunamiRT/Photospheres/Anaglyph,Photosphere Anaglyph,site-custom,,Photosphere_Anaglyph.jpg,,,,,,,,
site-custom/sos_workshop/becker/tsunamiRT/Photospheres/PTWC,Photosphere PTWC,site-custom,,Photosphere_PTWC.JPG,,,,,,,,
site-custom/sos_workshop/becker/tsunamiRT/TitlePage,Chile 2014 Tsunami Title Slide,site-custom,,Chile2014_rift_coastal_energy.jpg,,,,,,,,
site-custom/sos_workshop/stevealbers/pluto_new,Pluto: Dwarf Planet (16K),,,16384.png,,,,,,,,
site-custom/astronomy/Charon/Charon,Charon,,Site_Custom,charon_map.jpg,,,,,,,,
site-custom/astronomy/Ceres/Ceres,Ceres,,Site_Custom,Ceres_Global.jpg,,,,,,,,
site-custom/astronomy/Pluto/Pluto_BlackandWhite,Pluto Black and White,,Site_Custom,Pluto_July_7_to_14higherres.jpg,,,,,,,,
site-custom/astronomy/Mercury_Brighter,Mercury Brighter,,Site_Custom,Mercury.jpg,,,,,,,,
site-custom/astronomy/Jupiter_with_earth,Jupiter: Cassini 2000 with Earth to scale mp4,,Site_Custom,jupiter720.mp4,,,,,,,,
site-custom/land/Transportation_Routes,Transportation Routes,,Site_Custom,transportation_routes.png,,,,,,,,
site-custom/land/Shipping_Lane_Tracks,11aShipTracks,,Site_Custom,11aShipTracks.jpg,,,,,,,,
site-custom/land/Permafrost,Permafrost and Methane  Dr. Kathey Walters,,Site_Custom,Permafrost_Walter.mp4,,,,,,,,
site-custom/atmosphere/AerosolsFIMChem_Aug2015,Aerosols: FIM Chem Model - August 2015,,Site_Custom,720,,,,,,,,
site-custom/atmosphere/Satellites/Crops_and_Pasturlands,Crops and Pasturelands,,Site_Custom,Crops_and_Pasturelands.jpg,,,,,,,,
site-custom/fun_stuff/Death_Star,Death Star,,Site_Custom,DS_BODY.JPG,,,,,,,,
site-custom/fun_stuff/Nate_on_a_Sphere,Nate on a Sphere,,Site_Custom,NateSOS.JPG,,,,,,,,
site-custom/fun_stuff/Pokemon,Pokemon Ball,,Site_Custom,pokemon.jpg,,,,,,,,
site-custom/fun_stuff/Eye_of_Suaron,Eye of Sauron,,Site_Custom,Eye_of_Sauron.jpg,,,,,,,,
site-custom/zplaylist_template,z - Name of Dataset With Capital Letters,,Site_Custom,Background_Images/black.jpg,,,,,,,,
overlays/timezones,Time zones,overlays,Extras,4096_labels.png,,,,,,,,
overlays/general_circulation,Atmospheric General Circulation,overlays,Extras,features_arrows.png,,,,,,,,
astronomy/io/volcanoes,Io Volcanoes: Jupiter's Moon,astronomy,Space,io_volcanoes_1024.mp4,,,,10,288,1102,2000,4000
astronomy/lro/diviner,Moon: Surface Temperature,astronomy,Space,diviner_2048.mp4,,,,,,,,
astronomy/lro/lola/topography,Moon: Topography,astronomy,Space,LOLA_map.jpg,,,,,,,,
astronomy/lro/lola/slope,Moon: Surface Slope,astronomy,Space,slope16ppd.png,,,,,,,,
astronomy/lro/lola/roughness,Moon: Surface Roughness,astronomy,Space,lola_roughness.png,,,,,,,,
astronomy/xray_sun,Sun: X-Ray - 2003,astronomy,Space,xray_sun_2048.mp4,,,,,,,,
astronomy/uranus_moons/umbriel,Umbriel: Uranus' Moon,astronomy,Space,3600.jpg,,,,,,,,
astronomy/lunar_eclipse,"Lunar Eclipse - Aug. 28, 2007 (Archived 5/23/2023)",astronomy,Space,lunar_eclipse_2048.mp4,,,,,,,,
astronomy/trappist/Trappist_1C_Shadow,Exoplanet: TRAPPIST - 1c,astronomy,Space,4000_shadow.png,,,,,,,,
astronomy/soho/30day_maps,Sun: Carrington Rotation Map - 2003,astronomy,Space,complete_2048.mp4,,,,,,,,
astronomy/soho/oct_2003,Sun: Historical Solar Flare - 2003,astronomy,Space,oct_2003_2048.mp4,,,,,,,,
astronomy/saturn/original,Saturn,astronomy,Space,2880.jpg,,,,,,,,
astronomy/aurora,Aurora,astronomy,Space,aurora_2048.mp4,,,,,,,,
astronomy/neptune,Neptune,astronomy,Space,1440.jpg,,,,,,,,
astronomy/wmap_microwave/fifth_year,Cosmic Microwave Background: WMAP (fifth year sequence),astronomy,Space,wmap_freq_5yr,,,,,,,,
astronomy/mercury/mercury_topo,Mercury: Topography,astronomy,Space,Mercury_Messenger_USGS_ClrShade_Global_2km_4k.png,,,,,,,,
astronomy/titan/color,Titan: Saturn's Moon (colorized),astronomy,Space,2k.png,,,,,,,,
astronomy/mars_moons/deimos,Deimos: Mars' Moon,astronomy,Space,800.jpg,,,,,,,,
astronomy/uranus/original,Uranus,astronomy,Space,1024.jpg,,,,,,,,
astronomy/eclipse_nasa,"Solar Eclipse Simulation (NASA) - August 21, 2017",astronomy,People,eclipse_4096p15.mp4,,,,,,,,
astronomy/planet_rotations,Planet Rotations,,Site-Custom,planet_rotations_2k.mp4,,,,,,,,
astronomy/venus/clouds,"Venus: Animation of Clouds, Brightness, Topography",astronomy,Space,venus_clouds_1024.mp4,,,,,,,,
astronomy/callisto,Callisto: Jupiter's Moon,astronomy,Space,2400.jpg,,,,,,,,
astronomy/hubble,Hubble Telescope: Fornax Constellation,astronomy,Space,hubble_2048.mp4,,,,,,,,
astronomy/solar_system,Solar System to Scale: Sun and Planets,astronomy,Space,1600.jpg,,,,,,,,
astronomy/moon_phases,Moon Phases,astronomy,Space,moon_phases_2048.mp4,,,,,,,,
astronomy/jupiter/new_horizons_black,Jupiter: Black and White - 2007 (Archived 5/23/2023),astronomy,Space,1438,,,,,,,,
astronomy/jupiter/largest,Jupiter (movie),astronomy,Space,jupiter_movie_2048.mp4,,,,,,,,
astronomy/jupiter/HST_sequence_2007,Jupiter: Hubble Space Telescope Sequence - 2007,astronomy,Space,HST_sequence_2007_2048.mp4,,,,,,,,
astronomy/mars/phoenix_lander/panorama,Panoramic View of Mars from Phoenix Lander - 2008 (Archived 5/3/23),astronomy,Space,panorama_4000.jpg,,,,,,,,
astronomy/mars/magnetic,Mars Magnetic Map,astronomy,Space,1362.jpg,,,,,,,,
astronomy/eclipse_dscvr,"Solar Eclipse Simulation (NOAA) - August 21, 2017",astronomy,People,raw_2k.mp4,,,,,,,,
land/magnetic_declination,Earth's Magnetic Declination,land,"Land, Space",magnetic_declination_4096.mp4,,,,,,,,
land/irsat_nightlights,Day/Night Terminator (with clouds),land,"Land, Air",irsat_nightlights_2048.mp4,,,,,,,,
land/top_quakes,Earthquakes: Historical Top 10 - through 2011,land,Land,sos_saras_big_quakes_20110316.png,,,,,,,,
land/grace/gsfc,Groundwater Storage: Ice and Aquifers,land,Land,grace_gsfc_2048.mp4,,,,,,,,
land/blue_marble/seasonal_blue_marble,Blue Marble - Seasonal,land,Land,seasonal_blue_marble_2048.mp4,,,,,,,,
land/blue_marble/next_gen/topo,Blue Marble: with Topography - Seasonal,land,Land,5400,,,,,,,,
land/Earthquakes_1901-2000,Earthquakes of the 20th Century,land,Land,SOS_100yrs_Quakes_4k.mp4,,,,,,,,
land/hot_topo,Topography and Bathymetry with Nighttime Lights,land,"Water, Land, People",hot_topo_2048x1024.mp4,,,,,,,,
land/etopo2/earth_color,ETOPO2: Topography and Bathymetry (color enhanced) (Archived 5/16/23),land,"Water, Land",4096_enhanced.jpg,,,,,,,,
land/land_cover/animation,Land Cover (animation),land,Land,land_cover_2048.mp4,,,,,,,,
land/fire_veg,Fire Observations and Vegetation - 2002 - 2011,land,Land,fire_2048.mp4,,,,,,,,
land/plate_movement,Plate Movement - 200 Million Years Ago to Today,land,Land,plate_movement_2048.mp4,,,,,,,,
land/japan_quake/ssec,Japan Earthquake by SSEC,land,Land,ssec_japan_quake.mp4,,,,,,,,
land/bluemarble_nightlights,Blue Marble and Nighttime Lights,land,"Land, People",bluemarble_nightlights_4096.mp4,,,,,,,,
land/day_night/06z_only,Day/Night Terminator (daily),land,Land,06z_only_2048.mp4,,,,,,,,
land/day_night/oneday,Day/Night Terminator (single day),land,Land,oneday_2048.mp4,,,,,,,,
land/day_night/full_year,Day/Night Terminator (hourly),land,Land,day_night_2048.mp4,,,,,,,,
land/emag2,EMAG2 with iso lines black,land,,iso_lines.png,,,,,,,,
land/paleo_map,PALEOMAP PaleoAtlas - 0 - 750 Million Years Ago,land,Land,paleo_map_3600.mp4,,,,,,,,
land/earthquake/perspective,Earthquake Magnitide Perspective,Land,Land,Perspective_SOS_4k.mp4,,,,,,,,
land/earthquake/2001-2015,Earthquakes - 2001-2015,land,Land,Quakes_4k.mp4,,,,,,,,
land/earthquake/original,Earthquakes,land,,earthquake_2048.mp4,,,,,,,,
land/earthquake/1980-1995_quakes,Earthquakes: Cumulative - 1980 - 1995 (Archived 5/16/23),land,Land,1980-1995_quakes_1024.mp4,,,,,,,,
land/birds,Bird Migration Patterns - Western Hemisphere,extras,Land,birds_2048.mp4,,,,,,,,
land/paleo_future,Future Plate Tectonics - 250 million years,land,Land,paleo_future.mp4,,,,,,,,
atmosphere/gups_aircraft,GUPS Aircraft and Dropsonde Track,atmosphere,,gups_aircraft_2048.mp4,,,,,,,,
atmosphere/acars/wind_upper,"ACARS 24hr Wind Measurements 30,000ft to 45,000ft",atmosphere,,acars_wind_upper_2048.mp4,,,,,,,,
atmosphere/acars/wind_surface,"ACARS 24hr Wind Measurements, surface to 30,000ft",atmosphere,,acars_wind_surface_2048.mp4,,,,,,,,
atmosphere/acars/tracks,ACARS track 24hr time sequence 07-21-04,atmosphere,,acars_tracks_1978.mp4,,,,,,,,
atmosphere/aerosol/blackcarbon_and_sulfate,Aerosols: Black Carbon and Sulfate,atmosphere,Air,blackcarbon_and_sulfate_2048.mp4,,,,,,,,
atmosphere/aerosol/blackcarbon,Aerosols: Black Carbon,atmosphere,Air,blackcarbon_2048.mp4,,,,,,,,
atmosphere/aerosol/sulfate,Aerosols: Sulfate,atmosphere,Air,sulfate_2048.mp4,,,,,,,,
atmosphere/giss_temp_anom/old,Temperature Anomaly: Monthly (NASA) - 1884 - 2012,atmosphere,Air,giss_temp_anom_2012_2048.mp4,,,,,,,,
atmosphere/2004_ir_hurricane,Hurricane Season - 2004,atmosphere,"Water, Air",/shared/sos/media/atmosphere/2004_ir_hurricane/2004_ir_hurricane_2048.mp4,,,,,,,,
atmosphere/pclim,Temperature Anomaly: Yearly - 500 - 2006 (Paleoclimate Evidence),atmospere,Air,paleo_climate_2048.mp4,,,,,,,,
atmosphere/reanalysis/antarctic,Precipitable Water - Antarctic Expedition - 1902 - 1903,atmosphere,"Snow and Ice, Air",antarctic_2048.mp4,,,,,,,,
atmosphere/reanalysis/hurricane,Precipitable Water - Galveston Hurricane - 1900,atmosphere,"Water, Air",hurricane_2048.mp4,,,,,,,,
atmosphere/2012_hurricane,Hurricane Season - 2012,atmosphere,Air,2012_hurricane_2048.mp4,,,,,,,,
atmosphere/warming_stripe_countries,"Warming Stripes: Australia, Germany, and USA",atmosphere,"Air, People",warmingstripes3.jpg,,,,,,,,
atmosphere/balog_greenland,Balog Greenland video over surface anaomaly,atmosphere,,balog_greenland-SOS_30_fps.mp4,,,,,,,,
atmosphere/airs/300_temp,300mb Temperature by AIRS (11/1/05 - 11/1/06),atmosphere,,300_temp_2048.mp4,,,,,,,,
atmosphere/airs/925_temp,925mb Temperature by AIRS (11/1/05 - 11/1/06),atmosphere,,925_temp_2048.mp4,,,,,,,,
atmosphere/airs/500_temp,500mb Temperature by AIRS (11/1/05 - 11/1/06),atmosphere,,500_temp_2048.mp4,,,,,,,,
atmosphere/airs/1000-700_water,1000 - 700 mb Precipitable Water by AIRS (11/1/05 - 11/1/06),atmosphere,,1000-700_water_2048.mp4,,,,,,,,
atmosphere/airs/700-500_water,700 - 500 mb Precipitable Water by AIRS (11/1/05 - 11/1/06),atmosphere,,700-500_water_2048.mp4,,,,,,,,
atmosphere/airs/500-100_water,500 - 100 mb Precipitable Water by AIRS (11/1/05 - 11/1/06),atmosphere,,500-100_water_2048.mp4,,,,,,,,
atmosphere/water_vapor,Water Vapor: Hourly Model,atmosphere,Air,water_vapor_2048.mp4,,,,,,,,
atmosphere/harvey/clouds_precip,Hurricane Harvey: Clouds with Precipitation - 2017,atmosphere,Air,clouds_precip_harvey_2048.mp4,,,,,,,,
atmosphere/warming_stripe,Warming Stripes,atmosphere,"Air, People",warmingstripes.jpg,,,,,,,,
atmosphere/poes_sat,Polar Orbiting: NOAA-17 Satellite Coverage,atmosphere,Space,poes_sat_2048.mp4,,,,,,,,
atmosphere/geo_sat,Geostationary Satellites (Archived 5/16/23),atmosphere,Space,geo_2048.mp4,,,,,,,,
atmosphere/2020_hurricane_season,Hurricane Season - 2020,atmosphere,Air,hurricanes_labeled_2048.mp4,,,,,,,,
atmosphere/fim_chem,Aerosols: FIM Chem Model,atmosphere,Air,fimchem_2048.mp4,,,,,,,,
atmosphere/fossil_fuel,Fossil Fuel: CO2 Release - 2011-2012,atmosphere,"Air, People",3100,,,,,,,,
atmosphere/nasa_sats,Polar Orbiting: NASA A-Train Satellites (Archived 5/16/23),atmosphere,Space,nasa_sats_2048.mp4,,,,,,,,
atmosphere/typhoon_haiyan/wvsst,Typhoon Haiyan: Water Vapor and SST - Oct - Nov 2013,atmosphere,Air,haiyan_wvsst_2048.mp4,,,,,,,,
atmosphere/nccs_models/chem,Atmospheric Chemistry: GEOS-5 Model,atmosphere,Air,sos_chem.mp4,,,,,,,,
atmosphere/nccs_models/carbon,Carbon Dioxide Concentration: GEOS-5 Model,atmosphere,"People, Land, Air",carbon_2048.mp4,,,,,,,,
atmosphere/nccs_models/water,Water Vapor: GEOS-5 Model,atmosphere,Air,sos_water.mp4,,,,,,,,
atmosphere/nccs_models/winds,Winds: GEOS-5 Model,atmosphere,Air,sos_winds.mp4,,,,,,,,
atmosphere/carbon_tracker,CarbonTracker (2004 Carbon Plumes),atmosphere,"People, Air",carbon_tracker_2048.mp4,,,,,,,,
atmosphere/aura/no2/NESO,NO2 Aura/OMI: 10/2004 - 2/2014,NEO,,animation,,,,,,,,
atmosphere/carbontracker_graph,Carbon Dioxide: One Year - 2012,atmosphere,Air,co2_data_2048.mp4,,,,,,,,
atmosphere/2005_hurricane/wvsst,Hurricane Season: Water Vapor and SST - 2005,atmosphere,"Water, Air",wvsst_2048.mp4,,,,,,,,
atmosphere/2005_hurricane/grayir,Hurricane Season - 2005,atmosphere,"Water, Air",grayir_2048.mp4,,,,,,,,
atmosphere/noaa_sat/position,NOAA Satellite Positions,atmosphere,,/shared/sos/media/atmosphere/noaa_sat/position/2048.jpg,,,,,,,,
atmosphere/hurricane_tracks/animation,Hurricane Tracks,atmosphere,,hurricane_tracks_2000_to_2006_2048x1024.mp4,,,,,,,,
atmosphere/carbonflux,Carbon Flux,atmosphere,Air,carbonflux_2048.mp4,,,,,,,,
atmosphere/ceres/radiation_clouds,Swath: Net Radiation Flux Compared to Clouds,atmosphere,,radiation_clouds_1024.mp4,,,,,,,,
atmosphere/ceres/solar_clouds,Swath: Incoming Solar Flux Compared to Clouds,atmosphere,,solar_clouds_1024.mp4,,,,,,,,
atmosphere/ceres/longwave_clouds,Swath: Outgoing Longwave Flux Compared to Clouds,atmosphere,,longwave_clouds_1024.mp4,,,,,,,,
atmosphere/aqua_swath,Polar Orbiting: Aqua Satellite and MODIS Swath,atmosphere,Space,aqua_swath_4096.mp4,,,,,,,,
atmosphere/sunsync_sat,Polar Orbiting: NOAA-17 and NOAA-18 (Archived 5/16/23),atmosphere,Space,sunsync_sat_2048.mp4,,,,,,,,
atmosphere/all_sats,Satellites: Paths and Positions,atmosphere,Space,all_sats_2048.mp4,,,,,,,,
atmosphere/globe/biosphere,Globe NEO Biosphere 2007 monthly,atmosphere,,4320,,,,,,,,
atmosphere/globe/cloud_fraction,Globe NEO Cloud Fraction 2007 monthly,atmosphere,,3600,,,,,,,,
atmosphere/hurricane_season_2017,Hurricane Season - 2017,atmosphere,Air,hurricane_season_2048.mp4,,,,,,,,
atmosphere/land_temp,Land Surface Temperature - 1950 - 1999 (Archived 5/16/23),atmosphere,"Land, Air",land_temp_2048.mp4,,,,,,,,
atmosphere/2000_carbon_monoxide,Carbon Monoxide - 2000,atmosphere,Air,2000_carbon_monoxide_1024.mp4,,,,,,,,
atmosphere/geo_scan,Geostationary Satellites: Scanning Pattern (Archived 5/16/23),atmosphere,Space,geo_scan_2048.mp4,,,,,,,,
